emdb_id,group,resolution (Å),rise_deposited (Å),twist_deposited (°),csym_deposited,rise_curated (Å),twist_curated (°),csym_curated,vector difference,axes order,cc_emdb,cc_curated,validated,update,reason,reason 1,reason 2
EMD-70093,amyloid,2.59,9.65,-2.28,C1,4.817143460837464,-1.1618029166891972,1,4.862659515304195,,0.9661310287462341,0.950549940684989,No,equal,,,
EMD-39814,non-amyloid,3.56,23.34,103.59,C1,0,0,1,55.119514544660426,,0.33979081079581486,0.1856053103713553,No,worse,,,
EMD-45221,amyloid,2.61,2.408,179.477,C1,2.0899308432329136,179.54728508013233,1,0.31909581759699046,,0.8415232960419604,0.42472535552197377,No,worse,,,
EMD-50583,non-amyloid,3.55,1.05,173.9,C1,2.066462156777015,-12.03333421322725,1,31.343100824769223,,0.9199269359755173,0.6158207142892375,No,worse,,,
EMD-50749,non-amyloid,6.5,29.9,0.4,C1,2.8046859469282883,-25.917232366444267,1,28.187708188589404,,0.8391371252509343,0.2925778391236903,No,worse,,,
EMD-46576,non-amyloid,2.43,27.912,-55.311,D1,27.671447118411145,54.893404770940805,1,39.5767102571549,,0.3323798959774845,0.4987813620573316,No,improve,,,
EMD-52463,non-amyloid,3.3,11.73,52.49,C1,5.858348591590763,-153.75579383134107,1,41.426417709486444,,0.9183574500992031,0.9045519004481816,No,equal,,,
EMD-46578,non-amyloid,3.08,30.078,-63.398,D1,30.040069471431238,63.42791422468704,1,38.553127783979996,,0.5383569853260656,0.6947667128386177,No,improve,,,
EMD-61305,amyloid,2.9,4.75,-2.12,C1,4.752427580633399,-18.477786587301807,11,8.419501141768357,,0.7772772052583833,0.3342926143003148,No,worse,,,
EMD-19992,non-amyloid,3.8,40.22,16.93,C6,40.16661843297042,16.883035922189265,6,0.06566685107599278,,0.9779334028539589,0.7222971531327379,No,worse,,,
EMD-39492,non-amyloid,3.6,35.998,-23.0,C6,36.01389743960832,-23.016485109324492,6,0.016732736920115825,,0.903594966089557,0.7184547575726967,No,worse,,,
EMD-61303,amyloid,2.9,2.37,178.45,C1,0.0032946352599705934,144.00796903058267,1,8.363108830458827,,0.7350919751184062,,No,equal,,,
EMD-51199,non-amyloid,4.11,31.6,33.9,C6,31.692762883720945,26.099285882685592,6,5.235754904596879,,0.4375186730068938,0.7953481121129515,No,improve,,,
EMD-44134,amyloid,2.95,4.8,-1.2,C1,1.3954008919726708,-120.34907232475503,1,37.705288348912596,,0.9309943573469232,0.4666865777781037,No,worse,,,
EMD-51194,non-amyloid,2.71,38.9,19.2,C6,38.86361813172635,19.22223037319236,6,0.03955695209335772,,0.9630320752387611,0.823418624858396,No,worse,,,
EMD-52708,non-amyloid,2.75,27.461,19.184,C1,27.456365206824692,19.173639967409315,1,0.005864991554594935,,0.8929711642360438,0.7155983735230634,No,worse,,,
EMD-50174,non-amyloid,4.3,9.59709,-27.6692,C13,3.1946856850087215,110.76850132948493,1,6.402413095810296,,0.8475217284163319,0.8737622822751963,No,equal,,,
EMD-50177,non-amyloid,4.3,9.58171,-27.6835,C13,3.1862653557565377,110.76009212487776,1,6.395449402205351,,0.7339937902858591,0.8788323230981562,No,improve,,,
EMD-50178,non-amyloid,4.2,9.58598,-27.6855,C13,3.1889426311264946,110.7591006808957,1,6.397041970181945,,0.7448256170215302,0.8944237424011855,No,improve,,,
EMD-52710,non-amyloid,3.71,29.219,17.812,C1,29.182526198073937,17.806514445124066,1,0.036519610209459895,,0.9162604081763115,0.6704598126111069,No,worse,,,
EMD-52709,non-amyloid,3.11,28.281,17.969,C1,28.251590001667694,17.97728146885612,1,0.02949932430363825,,0.8959418318905263,0.6319894760177626,No,worse,,,
EMD-62760,non-amyloid,6.14,48.6,84.531,C1,23.430146156578317,9.661139557933097,1,35.56078880457269,,0.10804521554508664,0.05272147573886172,No,worse,,,
EMD-62762,non-amyloid,5.86,48.6,84.531,C1,24.319516914280648,1.790131492122299,9,37.59134775271999,,0.08884489898176162,0.1470556998358067,No,improve,,,
EMD-62763,non-amyloid,4.3,48.6,84.531,C1,165.09056113862422,8.153368568838374,1,119.65823771028164,,0.266605279999149,0.2843229412142264,No,equal,,,
EMD-62759,non-amyloid,4.32,48.6,84.531,C1,165.18867872995838,7.960717122209843,1,120.02162468467374,,0.27533024991616145,0.24586812885411483,No,worse,,,
EMD-44184,amyloid,3.1,9.65,-2.2,C1,2.3870240571896768e-05,-3.70262248736708e-05,1,9.751790224560663,,0.2407516780666631,,No,equal,,,
EMD-44181,non-amyloid,3.6,9.659,1.604,C1,12.056349810932776,2.025754085403463,1,2.3998973621466306,,0.952770445278299,0.6254395235791097,No,worse,,,
EMD-44186,amyloid,3.5,2.41,179.46,C1,2.393333297036433,179.4534994603057,1,0.01672839786639805,,0.965145854882375,0.8540438090885796,No,worse,,,
EMD-44185,amyloid,3.1,2.41,179.45,C1,2.3933333232873313,179.4335303283462,1,0.017485289689218503,,0.9672136888854059,0.8407622951260402,No,worse,,,
EMD-52650,non-amyloid,4.1,95.25,67.5,C3,95.22488087637711,-52.484595784517566,3,0.025147755464542985,,0.38837496738861493,0.2817420007039619,No,worse,,,
EMD-52523,non-amyloid,3.23,33.54,42.73,C3,33.523453044077044,42.79578811067117,3,0.019249851377335224,,0.9695184088060504,0.5588367765601443,No,worse,,,
EMD-51003,non-amyloid,3.09,64.4,81.6,C1,21.460105250262224,-92.78289897317974,1,53.83753656376893,,0.7854865480800424,0.8942764137783724,No,improve,,,
EMD-51726,amyloid,3.3,2.41,178.24,C1,2.3933333330491084,178.14475451328394,1,0.028788958755455483,,0.9505489919032514,0.8432035199329616,No,worse,,,
EMD-44513,non-amyloid,3.05,21.3,-86.2,C2,21.335496056347594,-86.22667325888908,1,0.03966004355738546,,0.963230343814737,0.7878971089557534,No,worse,,,
EMD-44514,non-amyloid,3.34,20.9,-86.2,C2,20.91072916820195,-86.219137889751,1,0.014836591562051563,,0.9642646872683989,0.7796525017594149,No,worse,,,
EMD-51001,non-amyloid,3.1,24.5,57.0,C1,24.44400788963917,57.04603099110969,1,0.062243963016585045,,0.9605107188492763,0.843619468487186,No,worse,,,
EMD-47087,non-amyloid,2.8,0.99,144.37,C1,2.5432322037615833,72.95671045093721,1,18.082006385718458,,0.9068564345684538,0.7102480251964385,No,worse,,,
EMD-47095,non-amyloid,2.8,0.83,-59.78,C1,1.8236859675297996,-119.51641897140806,1,15.883650807371467,,0.9524768054394396,0.7227727994801646,No,worse,,,
EMD-50111,non-amyloid,3.35,44.84,91.63,C1,44.803623951093144,91.64819990335582,1,0.03698352510592758,,0.6707078138342287,0.44376400401661664,No,worse,,,
EMD-50136,non-amyloid,3.67,43.86,80.71,C1,26.399333249252052,22.96620093402558,15,26.55003537618873,,0.6495434834518096,0.2917546239373144,No,worse,,,
EMD-43763,non-amyloid,2.27,27.51,-166.47,C1,27.493518983508913,-166.56236139412664,1,0.03641106848170941,,0.8596343336408511,0.5972495079674558,No,worse,,,
EMD-50150,non-amyloid,3.86,42.78,73.94,C1,1.561002914681993,22.327300330722437,1,44.90194076888754,,0.6552391449132833,0.3865096176825396,No,worse,,,
EMD-50137,non-amyloid,4.13,44.5,88.2,C1,11.771095410280807,-3.6092676736159888,1,44.39577870332284,,0.6412849532565789,0.3978140956505826,No,worse,,,
EMD-50165,non-amyloid,4.21,43.92,84.15,C1,-7.731522050883716e-06,2.519237958154008e-05,1,52.57593148436888,,0.5984927278815827,,No,equal,,,
EMD-50175,non-amyloid,3.97,44.58,89.44,C1,66.7030329253642,133.45738530156245,1,27.51896313918483,,0.5781264929953828,0.2884779103691323,No,worse,,,
EMD-38733,amyloid,3.1,4.82,-0.746,C1,2.3933333273467117,179.63129540804738,1,75.3159955084721,,0.9546272142458386,0.8238238620058927,No,worse,,,
